LMCConc,AreaRatio,1sig
0.3,0.0058,0.0033
0.5,0.0116,0.003
1,0.0284,0.006713
2,0.0551,0.00484
3,0.0716,0.00735